Name,Text,Text (1),Text (2)
POSTS,COMMENTS,USERS,LIKES
id,id,id,id
title,author_id,name,etc
fandom,body,username,
post_author_id,num_likes,pfp_src,
post_source,num_comments,num_posted_posts,
_is_personal,reply_comments[],num_posted_comments,
num_likes,post_location_id,posts[ONE-MANY],
num_comments,date_commented,comments[],
isDeleted,isDeleted,num_liked_recipes,
date_posted,date_edited,_saved_recipes[],
allergens,,bio,
description,,date_registered,
instructions,,password,
ingredients,,email,
imgs[],,date_edited,
_users_liked[],,,
_users_commented[],,,
comments[],,,
isPublished,,,
date_edited,,,